{"cameraMode":{"drawMode":0,"name":"Shaded","section":"Shading Mode"},"sceneLighting":true,"audioPlay":false,"sceneViewState":{"m_AlwaysRefresh":false,"showFog":true,"showSkybox":true,"showFlares":true,"showImageEffects":true,"showParticleSystems":true,"showVisualEffectGraphs":true,"m_FxEnabled":true},"in2DMode":false,"pivot":{"x":-4.113587379455566,"y":-0.20071111619472505,"z":-1.4859888553619385},"rotation":{"x":0.16146230697631837,"y":0.2626595199108124,"z":-0.04462871700525284,"w":0.9502406120300293},"size":1.2762759923934937,"orthographic":false}